supply_sets,trade_sets,dim_area
1,0,154.2
0,0,225.8
1,0,84.7
0,1,150.0
1,1,135.7
1,0,138.3
0,0,151.7
1,1,79.1
1,0,231.7
1,1,85.3
0,1,91.8
0,0,236.3
1,1,212.9
0,1,188.8
1,1,48.8
1,1,195.9
0,0,239.9
1,0,181.2
1,1,124.9
1,1,195.1
0,0,249.3
1,0,83.6
1,1,68.1
1,0,128.2
1,1,136.2
0,0,108.9
0,0,99.5
1,0,58.5
1,1,105.1
1,1,63.4
1,1,67.8
1,1,128.4
1,0,227.7
1,0,103.6
0,0,126.0
1,1,190.6
1,1,274.8
1,1,248.5
0,1,58.7
0,1,270.0
0,1,152.6
1,1,217.8
1,0,119.2
1,0,69.2
0,0,155.5
0,0,257.9
1,0,212.4
1,1,180.0
1,1,101.6
0,1,69.4
0,0,183.2
1,1,62.8
0,0,85.9
1,1,35.4
1,1,127.6
1,1,121.7
0,1,116.6
0,0,158.5
1,1,63.3
1,0,255.5
0,1,275.2
1,0,112.3
1,0,99.2
0,0,148.7
0,1,88.5
1,0,226.6
0,1,124.6
1,0,112.9
0,0,87.7
1,1,26.4
0,0,130.3
1,1,78.4
0,1,116.3
1,0,39.3
1,1,236.9
1,1,199.6
1,0,99.9
0,1,200.4
1,1,54.3
0,0,92.5
1,1,88.1
0,1,81.1
0,0,90.4
0,1,88.3
1,0,32.8
1,1,205.5
1,0,68.9
1,0,149.3
1,0,199.7
0,1,65.6
1,0,149.4
1,0,118.1
1,0,175.6
1,1,178.2
1,0,121.9
0,1,77.8
1,0,163.2
0,0,123.0
1,1,166.8
1,0,78.0
1,1,195.3
1,1,140.3
1,0,195.4
1,0,125.1
1,0,160.7
0,1,95.9
1,0,239.5
1,0,104.5
1,0,89.9
0,1,150.9
1,0,76.4
0,0,134.3
1,1,146.9
1,1,64.3
1,1,173.9
1,0,122.6
1,0,51.8
1,0,117.0
1,0,99.8
1,1,138.1
1,1,129.8
0,0,139.0
1,1,106.4
1,1,37.4
1,1,234.8
1,0,69.8
0,0,203.3
1,1,138.1
1,0,130.5
0,1,129.8
1,1,144.1
1,0,152.9
1,1,251.0
1,1,125.2
0,1,157.7
1,1,169.0
0,0,92.4
0,1,180.6
1,1,217.9
0,0,122.9
0,1,33.4
1,1,75.4
0,0,235.5
1,1,119.9
0,1,72.7
1,0,248.0
0,0,195.8
0,1,104.5
0,1,36.5
1,0,119.3
1,0,99.4
1,0,162.5
0,0,150.7
1,1,248.7
1,0,75.1
1,0,208.1
1,0,177.3
0,1,134.9
0,1,148.8
1,1,73.4
0,1,176.1
1,1,88.8
0,1,75.6
0,0,48.8
0,0,119.3
0,1,116.7
0,0,76.3
1,0,74.2
0,0,167.0
0,0,42.0
1,1,160.0
1,0,188.3
0,0,108.1
1,1,163.8
1,1,175.5
1,0,77.6
1,1,112.7
0,1,28.6
0,0,233.4
0,1,129.2
1,1,64.2
1,0,106.9
1,0,109.6
0,1,108.8
0,0,85.7
0,1,157.8
1,1,204.1
1,1,113.0
1,1,33.3
0,1,147.6
1,0,64.6
1,0,155.5
0,0,183.6
0,0,245.3
0,1,193.9
0,1,186.5
1,1,97.1
0,1,253.4
0,0,96.4
1,1,237.8
1,1,181.2
1,1,140.1
1,0,105.0
0,0,53.5
1,1,95.0
1,1,38.0
1,0,220.2
1,1,32.7
1,1,102.1
0,0,103.5
0,0,68.9
0,1,192.9
1,1,115.9
0,1,42.0
0,0,46.8
1,1,128.7
1,0,94.9
1,1,132.3
0,1,117.4
1,0,63.5
1,1,160.2
0,0,54.5
1,1,175.1
1,1,144.2
1,0,22.2
1,0,80.1
0,0,37.6
0,0,35.8
1,0,42.9
1,0,214.4
1,0,61.0
0,0,121.6
1,1,112.7
1,1,179.1
0,1,36.8
1,0,120.2
1,0,195.2
0,1,179.7
1,1,163.8
0,0,241.5
1,0,238.9
1,0,57.0
1,1,104.4
0,1,105.6
1,0,177.7
1,1,129.3
1,0,162.4
0,0,152.5
0,0,165.5
0,0,144.5
0,0,261.1
1,1,106.4
1,0,60.4
1,0,27.1
1,1,119.2
1,1,225.1
1,0,154.5
1,1,63.7
1,0,219.9
1,0,117.8
0,0,25.7
1,1,71.1
1,0,132.8
0,0,99.9
1,1,236.0
0,0,89.8
1,1,149.6
0,1,174.5
1,0,64.8
1,1,169.6
1,1,134.1
1,0,105.1
1,0,169.8
1,0,122.0
0,0,234.1
1,0,240.9
1,1,245.8
0,1,67.5
0,0,223.6
0,1,151.2
1,0,52.7
1,1,111.9
1,1,119.9
0,1,132.5
1,1,125.1
1,0,51.8
0,1,161.0
1,0,80.4
1,0,155.9
0,1,112.4
1,1,124.4
1,0,155.0
0,0,64.4
1,0,216.5
1,0,22.0
1,0,105.1
0,0,150.6
1,0,39.3
1,1,94.9
1,0,96.3
1,1,40.2
1,0,160.4
1,0,58.7
1,0,113.2
0,1,63.1
0,1,117.1
0,1,206.2
1,0,125.2
1,0,47.5
1,0,171.6
1,0,171.2
1,1,247.0
1,1,185.9
1,1,148.2
1,1,198.6
0,1,161.5
1,0,96.7
0,1,199.2
1,0,227.5
1,0,188.9
1,0,159.9
1,0,24.7
1,1,48.1
0,0,126.6
1,1,191.3
1,1,68.8
0,1,119.2
0,0,90.7
1,0,209.7
1,0,57.5
1,0,78.3
1,1,135.8
1,0,108.4
1,1,83.6
1,0,70.9
1,0,240.1
1,0,127.8
1,1,177.8
1,1,178.6
1,0,63.7
0,1,67.6
0,1,38.9
1,0,116.5
0,1,258.9
1,0,67.6
1,0,135.1
1,1,85.7
1,1,123.9
0,1,46.3
1,1,177.8
0,0,107.3
1,1,263.9
1,0,16.7
1,0,226.8
0,0,181.8
1,1,55.0
1,0,66.4
1,1,25.3
1,1,192.6
0,1,226.1
0,0,198.7
1,1,142.9
1,1,102.1
1,1,212.0
0,0,190.9
1,1,75.1
1,0,57.3
1,0,143.8
1,0,101.1
1,1,119.5
1,0,109.7
0,0,138.7
1,0,112.1
0,1,103.1
1,0,266.2
0,1,249.3
0,0,103.3
0,0,126.3
1,0,287.7
1,1,152.3
0,1,232.1
1,0,114.3
1,1,72.2
1,0,131.5
1,1,228.3
1,0,174.3
1,1,134.2
0,1,195.0
1,0,133.7
1,1,246.0
1,0,213.9
1,0,49.4
1,0,115.3
1,0,111.5
1,0,146.0
1,0,283.6
1,0,110.5
1,0,68.9
1,1,118.3
1,1,135.4
1,1,275.0
1,1,190.5
1,0,195.8
0,0,218.6
1,1,93.5
1,1,161.5
1,0,101.2
1,0,110.4
1,1,109.1
1,1,194.1
0,1,95.1
1,0,237.3
0,1,127.5
1,0,137.2
1,0,186.3
1,0,57.8
1,0,181.4
0,0,144.3
1,1,72.9
0,1,189.7
0,1,101.6
0,1,223.5
0,1,106.6
0,0,45.6
0,1,205.9
0,0,86.5
1,1,169.1
0,0,32.8
1,1,75.8
1,0,211.5
0,1,227.2
0,1,100.2
1,0,191.0
1,1,133.5
1,1,103.8
1,0,79.5
1,1,65.1
1,0,85.6
1,1,127.8
0,1,137.7
1,0,74.1
1,1,136.7
1,0,95.2
1,0,101.9
1,1,103.6
0,1,165.7
1,0,74.9
0,1,109.6
1,1,105.8
1,1,137.2
1,1,232.7
1,0,180.0
1,0,43.1
1,0,183.5
0,1,107.8
1,1,242.8
1,1,162.2
1,0,164.4
1,0,246.1
1,0,151.4
0,1,100.6
1,0,166.4
0,1,128.2
1,0,216.2
0,0,62.3
0,1,180.7
1,1,79.2
0,1,94.8
1,0,103.0
0,1,278.1
1,1,60.2
1,1,23.9
1,0,154.5
0,1,35.3
0,0,130.0
0,1,147.2
1,0,66.2
1,1,137.6
0,1,112.5
0,0,53.1
0,1,257.1
0,1,170.1
1,1,156.4
1,0,24.3
1,1,115.8
1,1,54.4
1,0,209.5
1,1,98.2
1,0,153.5
0,0,174.1
1,0,135.4
0,0,87.8
1,0,81.6
0,1,86.4
1,0,164.1
1,0,189.7
1,0,58.7
1,0,182.9
1,0,104.5
0,0,166.5
1,1,211.3
0,1,197.0
1,0,243.7
1,0,101.9
1,1,86.9
1,0,61.3
1,1,69.0
1,1,132.3
1,1,281.7
1,1,75.0
0,0,202.9
1,0,80.8
1,1,102.7
1,1,21.8
0,0,118.6
0,1,89.5
1,0,130.5
1,0,78.0
1,0,188.4
0,1,103.0
1,1,98.7
1,0,219.7
1,1,217.7
1,0,182.3
1,1,94.8
0,1,232.3
1,0,102.1
1,0,90.0
0,0,84.1
1,0,219.2
1,0,46.3
1,0,194.2
1,1,132.1
1,1,97.5
0,1,189.7
1,1,146.4
1,1,27.8
0,0,167.1
1,1,67.5
0,1,160.4
1,0,87.3
1,1,182.3
1,0,240.0
0,0,155.1
0,0,148.8
1,0,239.4
1,0,230.8
0,1,115.6
0,0,97.1
0,0,159.1
1,0,224.8
0,0,88.0
1,1,178.9
1,0,187.1
0,0,98.2
0,0,143.5
0,1,42.7
0,0,33.8
0,0,126.0
1,1,55.8
1,0,83.8
1,0,143.0
0,0,276.3
0,0,130.0
1,0,150.5
1,0,124.9
0,1,89.6
1,1,77.5
1,1,162.2
1,1,110.5
1,1,111.9
1,1,21.0
0,0,105.2
0,1,37.9
1,1,161.5
1,1,120.9
1,1,83.7
1,1,107.8
1,1,133.2
1,1,169.8
1,0,49.1
0,0,103.5
0,1,152.0
0,1,208.9
1,1,104.9
1,0,89.9
1,0,171.9
1,0,103.6
1,0,99.5
1,0,138.3
1,0,89.8
0,0,130.0
0,1,92.1
1,1,167.7
1,0,87.2
0,0,167.5
1,1,178.1
1,1,187.4
0,0,114.7
1,0,66.0
1,1,132.9
1,0,55.7
1,1,203.8
0,1,167.3
0,1,194.4
1,1,267.1
1,1,95.5
0,1,216.6
1,1,105.7
1,1,44.8
1,1,167.1
1,1,135.6
1,0,110.3
1,0,115.2
1,0,109.8
0,0,114.3
0,0,143.2
0,0,169.5
0,0,128.4
1,1,82.1
0,0,210.4
1,0,178.6
0,0,134.2
1,0,105.7
0,0,56.6
1,0,109.1
0,1,239.3
0,0,176.7
1,0,94.0
1,1,89.3
1,0,58.3
1,1,44.1
0,1,174.7
0,0,117.8
1,0,38.9
1,0,65.3
0,0,172.8
1,0,152.9
0,1,214.2
0,0,62.2
0,1,126.7
1,0,273.0
1,0,241.2
0,1,54.9
1,0,148.7
1,0,81.1
0,0,99.1
0,1,193.8
1,0,96.1
0,0,172.7
1,1,77.8
0,1,187.3
0,0,177.0
0,1,103.4
1,1,254.3
0,1,163.4
1,1,114.6
0,0,155.1
1,0,77.8
1,1,218.0
1,0,240.4
1,1,200.1
0,1,123.6
1,0,93.4
0,1,202.7
1,0,75.9
0,1,149.3
1,1,102.9
1,0,248.1
0,0,24.5
1,0,155.5
1,0,177.4
1,1,52.0
1,1,94.3
1,1,224.8
0,1,212.8
1,1,127.7
0,0,66.4
0,1,42.9
1,1,182.4
1,1,244.8
0,1,223.1
1,0,219.5
1,0,129.1
1,0,183.5
1,1,77.7
1,1,102.9
1,1,232.8
0,1,219.1
1,0,136.1
1,1,168.8
0,1,116.9
0,0,88.5
0,1,110.9
1,0,255.4
1,1,239.7
0,1,209.3
0,1,80.3
0,1,205.0
0,0,171.5
0,1,177.6
1,0,234.8
1,0,106.4
0,0,127.1
1,0,159.5
0,0,63.2
1,0,66.7
0,1,143.1
1,0,92.7
1,0,195.4
1,1,192.7
0,1,170.5
0,1,110.3
1,1,271.1
1,1,117.6
0,1,76.4
1,0,221.0
1,1,182.5
0,0,170.0
1,1,27.4
1,1,71.6
1,1,174.0
0,0,182.3
1,1,276.0
1,0,136.9
1,1,32.2
0,1,172.3
1,1,60.8
1,0,198.3
1,1,227.6
1,1,23.0
1,1,213.7
0,0,161.6
0,1,154.4
1,1,67.4
0,1,189.6
0,0,82.1
0,1,14.7
1,1,158.6
0,0,120.0
1,1,130.7
0,0,248.7
1,0,195.7
1,1,133.6
0,1,175.4
1,1,154.0
1,0,133.7
0,1,204.3
1,1,179.7
1,0,51.7
1,0,268.5
1,0,200.4
0,0,204.4
1,1,87.0
1,0,106.0
1,0,179.7
1,1,32.0
1,0,181.9
1,1,38.7
0,0,63.2
1,0,156.8
1,1,91.7
1,1,275.0
1,0,162.7
1,1,56.1
1,0,174.3
0,0,107.4
1,0,102.8
1,1,256.9
1,0,94.0
1,1,208.1
0,0,197.9
0,0,90.3
1,1,155.9
1,1,122.3
0,1,140.8
1,0,235.1
1,0,173.5
1,1,211.9
1,1,77.1
0,0,88.1
0,1,104.0
1,1,60.5
0,1,122.9
1,1,76.5
1,0,135.3
0,0,136.8
1,1,84.6
1,0,121.6
1,1,96.2
1,0,269.0
0,1,154.6
1,0,132.1
1,0,106.8
0,1,74.9
1,1,80.9
0,0,176.3
1,0,71.9
1,0,127.5
1,1,199.4
0,1,96.8
0,0,33.1
1,1,192.9
0,0,106.7
0,1,226.1
1,1,112.5
1,1,156.5
0,1,44.6
1,0,255.1
1,0,93.6
1,1,155.7
1,1,114.7
1,1,152.6
1,1,174.5
1,1,189.5
0,1,166.9
1,1,55.4
1,1,83.4
1,0,103.3
1,1,127.2
1,1,140.5
1,0,114.9
0,1,71.1
1,0,150.8
1,1,87.0
1,1,77.8
0,0,36.0
1,0,73.5
0,0,53.7
1,1,129.4
0,1,87.4
1,1,48.4
0,0,99.8
1,1,44.5
0,1,29.6
1,1,69.4
1,1,196.7
0,1,236.4
1,0,112.6
1,0,33.4
0,0,117.7
0,1,65.2
1,1,160.7
1,0,94.5
0,0,127.9
1,1,96.6
0,0,130.7
1,0,122.6
1,1,121.5
1,0,233.6
0,0,151.3
0,1,119.6
1,0,176.8
0,1,56.7
1,0,59.7
0,1,109.9
1,0,103.0
1,1,239.4
1,0,192.7
0,1,77.0
0,1,127.8
1,0,175.3
1,1,195.8
1,0,40.2
1,1,93.8
1,1,241.0
0,0,226.7
1,1,126.3
1,0,132.5
1,0,96.5
1,0,120.4
0,1,86.1
0,1,104.1
1,1,207.6
1,1,151.7
1,0,95.2
1,1,220.4
1,1,82.6
0,1,63.8
1,0,33.4
0,0,195.4
1,1,46.6
0,1,167.1
1,0,172.3
0,0,248.6
1,1,214.1
1,0,126.4
0,1,136.3
1,1,144.3
0,0,127.8
1,1,72.0
0,0,73.8
1,0,60.5
1,0,44.9
1,0,111.3
0,0,98.9
1,1,110.5
0,0,81.2
1,1,126.3
1,0,120.9
0,0,67.9
0,1,255.2
1,0,101.3
1,1,22.2
1,1,230.3
1,0,156.7
1,0,204.9
0,1,134.8
1,1,261.4
1,1,103.1
1,1,98.4
1,0,106.9
1,1,195.7
0,1,79.8
1,0,114.8
0,1,231.1
1,1,125.0
1,0,166.8
0,0,46.0
1,0,149.9
0,1,145.7
1,0,107.4
0,0,166.2
1,0,173.5
1,1,216.1
1,0,99.1
1,1,67.5
1,0,20.3
1,1,158.1
0,1,234.2
1,0,280.1
1,1,96.2
0,1,133.7
1,1,179.4
0,0,166.0
1,1,213.3
1,0,171.8
0,1,169.8
1,1,230.2
1,1,153.5
0,0,120.8
1,0,144.3
1,0,105.1
0,1,54.9
1,0,53.2
0,1,178.6
1,0,224.5
1,0,81.6
0,0,148.8
1,1,95.4
0,1,122.2
1,0,62.7
1,1,124.3
1,0,179.6
0,1,105.6
0,1,106.5
1,1,118.4
0,0,102.9
1,0,76.5
1,0,112.1
1,0,156.7
1,0,278.1
1,0,55.1
1,0,223.0
0,0,273.2
1,1,214.7
1,0,49.5
1,0,68.6
1,0,148.5
1,1,134.7
0,0,70.6
1,1,137.6
0,0,176.6
0,1,232.7
1,1,121.6
1,0,261.4
0,1,77.8
0,1,52.8
1,0,73.2
0,1,234.0
0,1,174.7
1,0,43.3
1,1,82.9
0,0,84.6
1,1,77.8
1,0,88.6
0,0,162.3
1,0,133.2
0,1,123.5
1,0,48.4
1,0,114.9
0,0,269.8
1,1,45.3
1,1,198.2
0,1,74.6
1,0,155.9
0,0,158.6
1,1,94.4
0,1,77.5
1,0,104.7
0,1,126.0
1,1,75.6
1,1,116.3
1,1,127.4
1,1,166.8
1,1,171.6
0,0,177.8
1,0,159.6
0,1,99.8
0,1,210.5
1,0,169.3
1,0,220.5
1,0,249.3
1,1,75.2
0,0,85.5
1,0,69.4
1,0,127.3
1,1,105.6
1,0,64.2
0,1,159.2
0,1,206.1
1,0,63.0
1,1,84.2
0,1,61.9
0,1,84.7
0,0,168.0
0,1,82.7
1,1,189.5
0,0,211.4
1,1,104.0
0,0,128.3
1,0,61.4
1,1,203.8
0,1,247.8
1,0,97.6
0,1,32.9
1,1,77.7
1,0,73.2
1,1,35.8
1,0,133.7
1,0,163.5
1,1,73.1
0,0,168.6
1,0,160.1
0,1,198.3
1,0,257.1
1,0,37.8
0,0,224.2
1,0,54.9
1,0,221.4
0,0,49.2
1,0,92.4
1,0,188.5
1,1,82.7
1,1,215.7
1,1,77.6
1,0,65.6
1,1,115.3
1,1,148.7
1,0,124.8
1,0,229.6
0,1,86.0
1,0,63.0
1,0,16.6
1,0,136.9
1,1,57.1
0,0,246.4
0,1,220.7
1,0,58.1
1,1,132.2
1,0,78.0
1,0,204.4
1,0,100.5
1,0,94.6
0,0,221.0
1,0,199.3
1,0,229.3
0,1,177.7
0,0,164.2
1,1,178.3
1,1,51.1
1,0,181.3
0,1,156.3
0,1,127.0
1,0,87.5
1,0,65.1
1,0,155.4
0,1,97.2
0,1,158.3
0,0,191.9
1,0,170.4
0,0,125.7
1,0,123.3
1,1,256.4
1,0,135.6
0,1,212.4
1,0,102.8
0,0,220.9
1,1,146.7
1,1,232.0
1,0,31.2
0,0,35.1
0,1,144.8
0,0,141.2
0,0,94.3
1,1,163.4
0,1,75.8
1,0,93.4
0,1,99.6
0,1,169.3
1,1,266.0
1,0,78.8
0,1,87.3
1,0,234.5
0,1,93.6
0,1,162.0
1,1,77.4
0,1,108.8
1,0,99.2
1,0,174.8
1,1,118.5
0,0,74.0
0,0,58.8
1,0,53.7
1,1,119.7
0,0,109.3
0,0,140.5
1,0,257.3
1,1,149.6
1,1,108.6
1,1,76.6
1,1,193.1
1,1,126.7
1,1,87.7
0,0,179.0
0,0,161.2
1,1,157.7
0,1,200.5
1,1,36.8
0,1,83.4
1,0,150.0
1,0,97.0
1,1,34.9
1,1,200.4
0,1,87.9
1,0,59.0
0,0,189.7
0,1,211.4
1,0,157.9
1,0,105.5
1,0,83.8
0,1,150.8
1,0,42.4
0,0,213.2
0,1,88.0
0,1,247.3
0,1,69.7
0,0,89.3
1,0,199.9
1,0,70.1
0,1,190.0
0,0,192.5
1,1,75.0
1,0,166.2
1,0,90.0
0,0,104.4
1,1,183.8
1,0,230.2
0,0,100.9
0,0,225.5
1,1,45.0
1,1,99.6
1,0,117.6
1,0,111.8
1,1,116.0
1,0,230.9
1,1,113.3
0,1,165.0
1,0,214.6
1,0,174.3
1,1,64.5
0,0,146.3
1,0,211.9
1,0,125.0
1,0,77.5
1,1,95.0
1,1,242.2
0,1,50.0
0,0,138.2
1,1,133.1
1,0,172.1
1,0,70.8
1,1,184.3
1,0,172.2
1,1,69.5
1,0,135.1
1,1,123.3
1,0,104.3
1,1,194.0
1,0,154.8
0,0,158.7
0,0,83.2
1,1,113.8
1,0,138.7
1,1,136.5
1,0,271.4
1,1,107.0
0,1,153.7
1,0,217.7
1,1,157.3
1,1,203.2
1,1,225.1
0,0,100.8
1,0,91.4
1,1,179.1
1,1,163.8
1,0,81.8
1,1,33.5
0,1,66.4
0,1,74.6
0,1,130.1
1,1,88.0
1,0,216.5
1,0,37.9
1,1,199.5
1,1,157.2
1,1,100.1
1,0,127.8
1,0,208.0
1,1,52.8
0,0,254.7
1,0,162.4
0,1,249.7
0,1,110.5
1,1,190.5
0,0,34.2
1,0,140.4
0,0,165.8
1,1,115.1
1,0,231.7
0,0,282.2
0,1,159.2
0,0,114.5
1,0,203.8
1,0,68.0
0,1,88.6
1,0,57.7
0,1,29.6
0,1,111.8
1,1,213.0
1,1,67.6
1,0,100.1
1,1,59.7
1,0,241.5
0,1,155.3
1,1,45.3
1,1,136.5
0,1,104.3
1,0,61.4
0,0,39.3
1,0,211.1
1,1,116.7
0,1,75.7
0,1,185.7
1,1,170.5
1,1,163.9
1,0,171.8
0,1,138.7
1,0,169.4
1,0,60.7
0,1,202.2
1,0,208.9
1,1,226.9
0,0,88.0
1,1,65.3
1,1,179.0
1,0,113.0
0,0,79.3
1,0,118.8
1,1,98.9
0,1,176.0
1,1,196.1
1,0,196.7
1,0,154.8
0,1,87.4
1,0,266.6
1,1,180.9
1,1,58.4
0,0,145.9
1,1,139.0
1,1,71.8
0,0,220.3
1,1,128.0
0,1,41.2
0,1,47.3
1,0,126.6
1,0,96.4
0,1,64.3
1,1,104.1
1,0,175.8
1,1,57.5
1,1,58.4
1,0,176.2
1,0,154.3
1,1,166.9
1,1,163.4
0,0,103.0
1,0,163.4
0,1,135.2
0,0,65.6
0,0,148.5
1,0,170.2
1,1,222.3
1,1,184.9
1,1,123.2
1,1,117.1
1,1,220.9
1,1,24.4
0,1,153.7
1,1,108.9
1,1,225.5
0,1,100.6
0,1,127.2
1,0,81.7
1,1,46.2
1,0,143.4
0,0,206.7
0,1,75.7
1,0,104.0
1,0,101.5
0,0,97.9
1,1,196.9
1,1,17.1
1,1,34.3
1,1,236.5
1,0,33.9
1,1,46.9
1,1,50.7
1,0,174.7
1,1,192.1
0,0,147.7
0,1,206.7
1,1,110.7
1,0,56.3
1,0,191.7
1,0,35.2
0,1,84.2
0,0,163.6
1,1,270.9
0,1,109.2
1,0,131.8
1,1,59.4
1,1,159.6
1,0,145.8
1,0,57.0
0,1,143.2
1,0,239.0
0,0,199.5
1,1,74.7
1,0,140.0
1,1,64.1
1,0,147.9
0,0,175.2
0,1,145.8
1,1,115.1
1,1,70.5
1,0,180.7
1,0,30.5
1,0,60.9
1,0,107.2
0,1,161.8
1,0,71.9
1,1,83.5
1,1,114.5
1,1,129.0
1,0,165.4
1,1,138.8
0,1,59.5
0,0,172.1
1,0,197.0
1,0,108.0
1,1,118.2
1,0,206.4
1,1,157.1
0,0,265.5
0,0,155.7
1,0,133.0
1,0,87.7
0,1,97.5
0,0,156.7
0,0,79.0
1,0,273.4
1,1,76.3
1,0,29.4
1,1,100.5
1,1,109.7
1,0,110.6
1,0,90.3
1,0,278.1
1,1,68.4
0,0,156.4
0,0,139.0
1,1,112.2
0,0,132.7
1,0,71.8
1,1,173.1
1,1,170.5
1,1,124.7
1,1,154.7
0,1,122.7
1,1,125.5
0,1,30.7
1,1,184.0
0,0,195.4
1,1,98.1
1,0,252.8
1,0,169.5
1,1,111.5
0,1,90.0
0,0,174.8
1,1,126.5
1,0,218.1
1,0,103.9
1,0,212.6
1,1,120.1
1,0,83.8
0,0,44.2
1,0,127.6
1,1,79.7
0,1,269.7
0,0,87.2
1,1,117.1
0,1,185.8
0,0,146.1
0,0,174.3
1,1,154.6
0,0,38.2
0,1,116.3
0,0,108.9
1,1,135.6
0,1,190.4
1,0,163.1
0,1,249.5
0,1,209.9
1,0,197.9
0,0,126.7
1,1,43.9
0,0,108.7
1,1,206.2
1,0,272.1
0,0,96.7
1,1,95.6
1,0,61.5
0,1,180.4
1,0,200.3
0,1,150.2
0,1,88.1
1,0,55.5
1,1,87.1
0,1,229.5
1,0,45.2
1,1,54.8
0,1,71.0
1,0,58.6
1,0,129.1
1,0,160.1
0,1,232.3
1,1,159.2
1,0,237.5
0,1,74.9
0,0,204.4
1,0,105.5
1,0,186.3
1,0,87.0
1,0,229.6
1,0,122.7
1,0,88.7
0,1,68.8
0,1,129.3
1,1,92.5
0,1,243.7
1,1,283.9
0,0,85.0
0,1,88.8
1,1,102.8
0,0,127.4
1,1,68.3
1,1,99.7
1,1,78.6
0,1,63.2
0,0,202.8
1,1,145.6
1,0,183.9
1,1,221.4
1,0,150.9
1,0,233.6
1,0,211.8
1,1,122.3
1,0,47.8
0,0,278.5
1,1,118.7
1,1,130.7
1,0,237.1
1,0,205.9
1,1,111.8
1,0,165.7
0,1,100.6
1,1,132.0
1,1,98.0
0,1,260.3
0,1,100.9
1,0,85.5
0,0,139.8
1,1,209.9
0,0,103.3
1,1,48.1
0,0,79.8
0,0,200.7
1,0,89.0
1,0,157.7
1,1,113.5
1,1,199.3
1,0,123.2
0,0,94.3
1,1,127.4
1,0,120.8
1,1,134.7
1,0,182.4
1,0,132.7
0,0,107.1
1,1,129.4
0,0,242.9
0,1,140.2
1,1,122.3
1,0,161.0
1,0,256.4
1,1,148.3
0,0,200.9
0,0,144.9
1,1,56.3
0,1,102.6
0,1,75.3
0,0,122.8
0,1,214.6
1,0,78.5
0,1,128.0
0,1,210.0
1,1,114.5
1,0,91.8
0,0,79.0
0,1,229.2
0,0,83.6
1,1,153.6
1,0,218.7
0,1,165.7
1,0,180.2
1,1,147.6
1,0,157.6
1,0,204.2
0,0,38.5
1,0,63.6
1,0,100.4
1,0,220.0
0,1,63.5
1,1,49.7
1,0,91.5
1,0,169.8
0,1,177.1
1,0,22.2
1,1,226.2
1,0,119.7
1,0,135.2
1,1,120.4
1,1,125.1
0,1,108.7
1,1,132.6
1,1,172.9
1,0,80.7
1,0,162.3
1,0,228.9
1,0,52.4
0,1,143.2
1,1,130.8
1,1,55.0
1,0,191.9
1,0,199.6
0,0,162.7
0,0,136.9
1,0,135.7
1,0,100.1
1,1,127.6
1,0,205.4
1,1,141.8
1,1,181.6
1,1,97.4
0,0,221.6
1,1,102.6
1,0,202.5
0,0,120.8
0,0,66.4
1,0,84.1
0,0,42.9
0,1,56.8
1,0,108.8
0,1,184.1
1,0,88.4
0,0,129.2
0,1,140.7
0,0,214.9
1,1,175.2
0,1,250.9
0,1,125.6
1,0,190.7
1,1,115.1
0,0,102.6
1,1,99.6
0,0,154.6
0,1,97.7
1,0,109.7
1,0,53.4
1,0,52.5
1,0,51.5
1,0,73.6
1,1,67.1
1,0,91.6
1,0,170.2
1,0,80.1
1,1,182.9
0,1,233.5
0,0,102.9
1,1,64.7
0,1,134.0
1,1,207.1
1,0,54.6
1,1,228.9
1,0,202.5
1,0,68.2
0,1,143.4
1,1,157.5
0,1,93.3
0,0,111.9
1,1,224.8
1,0,68.1
1,0,74.9
0,0,33.0
0,0,97.1
1,1,109.6
1,0,294.7
1,0,134.7
1,0,102.3
1,1,166.3
0,0,55.7
1,0,177.5
1,0,171.9
1,0,251.9
0,1,245.0
1,1,184.5
1,1,26.6
0,1,256.4
0,0,244.5
1,1,184.7
1,1,220.7
0,1,219.8
0,1,112.1
1,0,130.1
1,1,177.8
1,0,80.2
1,0,168.2
1,1,142.2
1,1,189.6
1,1,101.3
1,1,203.0
0,0,219.9
1,1,117.5
1,0,59.4
1,0,76.8
1,1,187.2
0,0,95.0
1,1,260.4
1,0,115.9
0,0,49.1
1,1,86.8
0,1,182.7
0,0,215.9
0,1,47.4
0,0,89.8
1,1,145.3
1,1,137.4
1,1,61.1
1,1,176.2
0,1,83.0
0,1,80.7
1,1,282.5
0,1,247.5
1,1,155.5
1,0,150.1
0,1,67.2
0,1,256.2
1,1,216.6
1,1,189.3
1,1,62.4
1,0,184.9
1,1,145.1
1,1,104.0
1,1,91.5
0,1,126.0
1,0,151.2
1,1,35.8
1,1,82.7
1,0,67.2
1,1,122.7
0,1,124.0
1,0,117.8
0,1,80.4
0,0,91.0
1,0,267.5
1,0,116.1
1,0,61.0
1,0,103.1
1,0,237.8
1,0,228.7
1,1,92.8
1,1,92.4
1,0,81.8
1,0,142.4
1,1,57.0
1,1,197.4
0,0,130.3
1,1,235.6
0,0,158.9
1,1,177.7
1,0,122.8
1,0,197.0
1,0,114.2
0,1,48.6
1,0,42.0
1,1,169.7
1,1,186.3
0,0,225.3
1,1,180.1
1,0,77.3
1,0,95.0
1,1,180.8
1,1,171.0
1,0,69.7
1,1,187.7
0,1,186.3
1,1,75.6
1,1,44.8
0,0,152.7
1,1,111.2
1,0,147.1
0,1,24.9
0,1,202.7
1,0,59.7
1,1,104.6
1,1,92.2
1,1,203.1
1,1,162.7
1,1,211.0
1,1,126.4
1,1,131.7
0,1,53.9
0,1,139.7
0,1,153.3
1,1,234.4
0,1,118.7
1,1,202.8
1,1,162.7
1,0,86.3
1,0,211.1
1,1,252.0
0,1,79.1
1,0,155.5
0,1,205.0
1,0,63.7
0,0,168.5
0,0,151.1
1,0,95.8
0,0,56.1
1,1,191.6
1,0,67.0
1,0,224.8
1,0,65.5
1,0,127.9
1,0,162.8
1,1,92.2
1,0,221.7
0,1,103.2
1,0,235.0
1,0,226.0
0,1,49.6
0,0,283.5
1,0,208.1
1,0,162.0
1,0,130.6
1,1,152.2
1,1,126.1
0,0,176.5
1,0,62.1
1,0,108.6
1,0,137.2
1,0,77.5
1,1,155.4
1,0,126.6
1,1,155.4
1,0,171.0
1,1,152.7
1,0,121.5
1,1,45.1
1,1,201.9
1,1,44.9
1,0,52.2
0,1,187.9
1,1,45.5
0,1,143.2
1,0,173.6
0,1,228.4
1,0,103.8
1,1,143.6
1,0,180.3
0,1,85.3
0,1,248.3
0,0,141.4
0,1,207.0
1,1,138.1
1,1,161.3
0,0,204.4
1,0,122.8
1,1,179.8
0,1,158.3
1,1,109.8
0,1,213.2
0,0,193.6
0,0,80.8
1,1,214.9
1,1,166.8
1,0,84.2
0,1,227.9
1,0,103.3
1,0,56.9
0,1,215.7
1,1,155.6
1,0,171.1
1,1,162.9
0,1,97.9
1,1,89.0
1,1,49.0
0,1,207.1
1,0,210.5
0,0,131.5
1,1,217.3
0,0,115.5
1,1,25.4
1,1,139.0
1,1,217.1
1,1,81.3
0,0,40.6
0,1,206.3
1,0,110.4
0,1,291.1
1,0,210.0
1,0,89.1
1,0,78.3
0,0,147.6
1,1,83.5
0,1,201.2
1,1,158.5
1,1,198.5
1,1,120.9
0,0,221.0
1,1,199.9
0,1,168.6
0,1,47.0
1,0,56.6
1,1,80.3
1,0,193.5
0,0,128.5
0,0,182.4
1,1,25.5
1,1,161.1
1,0,165.7
0,1,150.0
0,0,105.4
0,1,119.8
1,1,68.0
1,0,60.6
0,0,63.2
1,0,113.6
1,0,117.6
1,1,42.3
1,1,124.2
1,0,79.5
1,0,126.9
1,0,232.3
1,0,174.2
1,1,109.1
1,0,280.6
1,1,82.9
1,0,266.0
1,1,65.6
1,1,171.0
1,0,103.1
1,0,249.6
0,1,137.6
1,1,207.4
1,0,181.5
1,0,102.2
1,0,137.8
0,1,234.4
1,0,90.9
1,0,143.7
0,1,110.6
1,0,92.8
0,0,83.1
1,1,134.1
0,0,79.9
1,1,59.8
1,0,85.2
1,0,172.3
1,0,87.5
1,1,209.1
1,1,81.7
1,1,44.9
1,1,81.4
1,0,183.1
0,1,46.8
1,1,36.1
1,0,179.7
1,1,82.9
1,1,232.4
1,0,98.4
0,1,199.3
1,0,85.4
0,0,189.5
1,1,186.3
1,1,166.9
1,0,170.3
0,0,94.3
1,1,204.2
1,0,216.4
1,1,142.2
1,1,122.1
1,1,137.4
0,0,114.0
0,1,96.1
1,0,85.6
1,1,100.2
1,1,91.4
0,1,120.4
0,1,103.4
0,0,155.2
0,1,126.3
0,0,205.6
1,1,258.5
0,0,223.4
1,1,187.1
1,1,104.3
0,0,114.2
1,1,252.2
1,1,225.5
1,0,75.1
1,0,235.4
1,1,217.1
1,1,97.4
0,1,118.2
0,0,81.7
1,0,76.5
1,1,182.4
1,1,105.3
1,0,171.9
0,0,112.4
1,1,72.8
1,1,111.5
1,1,193.6
0,1,80.3
0,0,111.4
1,0,148.6
0,1,175.8
1,1,62.6
1,0,114.2
1,0,54.3
0,0,147.9
1,0,141.4
1,0,81.0
1,0,145.7
1,1,99.9
1,0,149.1
1,0,103.1
1,1,154.2
0,1,111.4
0,0,122.1
0,0,77.3
0,0,159.3
1,1,45.3
0,1,164.4
1,0,90.2
0,0,107.2
1,1,82.9
1,1,41.5
1,0,82.0
1,0,140.4
1,1,209.5
0,0,211.9
1,0,189.8
1,1,243.5
0,1,225.1
0,1,235.3
1,1,153.9
1,0,151.4
1,0,65.5
0,0,212.6
0,1,199.4
1,1,127.0
0,0,130.4
1,0,182.3
0,1,191.9
0,1,57.8
1,1,114.1
1,0,192.3
1,1,270.3
1,0,208.4
1,0,126.3
0,1,106.3
1,0,69.8
1,0,95.5
1,1,213.3
0,1,148.8
1,0,200.3
1,1,84.2
1,0,80.0
1,1,145.2
1,1,109.4
1,1,82.3
0,0,59.6
0,1,100.2
1,1,52.8
1,1,261.9
1,1,133.3
0,0,109.6
1,1,137.6
0,0,112.3
1,1,132.4
0,1,49.0
1,1,118.6
0,0,100.1
0,0,107.8
0,0,79.9
1,0,55.6
1,1,89.5
1,0,42.5
0,0,116.0
1,0,164.4
0,0,98.9
0,1,275.1
1,0,85.4
0,1,241.5
1,1,216.8
1,1,156.4
1,0,205.5
1,1,52.8
1,0,194.4
0,1,221.4
1,0,128.5
1,1,117.9
1,1,111.0
1,0,116.5
0,0,116.6
0,0,234.6
0,0,141.2
1,0,186.8
0,0,127.1
1,0,88.7
1,1,145.2
1,1,81.3
1,1,156.8
1,0,169.4
0,1,100.1
1,1,99.7
1,1,85.5
1,0,204.8
0,1,161.0
1,1,245.1
0,0,269.5
1,0,66.1
1,0,221.3
1,0,263.9
1,1,179.0
0,1,173.4
1,0,193.2
1,0,48.1
1,0,66.5
1,0,283.6
1,0,89.9
0,0,118.3
1,0,94.6
1,0,105.0
0,1,53.8
0,0,101.7
0,0,71.6
0,0,100.6
1,1,176.2
1,1,117.0
1,1,244.2
1,1,88.4
1,1,130.8
0,0,64.0
0,0,146.4
0,0,168.7
0,0,104.5
1,0,115.8
0,1,141.4
1,0,111.5
0,0,207.3
1,0,137.6
1,0,170.7
0,0,126.0
0,1,230.2
1,0,201.2
1,1,242.7
1,1,201.9
0,1,179.6
1,0,83.3
0,1,90.7
0,1,35.4
1,0,111.4
1,1,136.1
1,1,71.6
1,0,131.0
1,1,258.7
1,1,186.8
0,1,192.3
1,0,44.0
0,1,40.5
1,0,155.0
0,0,184.9
1,0,69.7
1,0,66.4
1,0,225.6
1,1,20.7
1,0,115.2
0,0,140.1
1,1,62.6
1,0,131.1
1,1,60.8
1,0,94.6
0,0,120.1
1,0,34.4
1,0,206.8
0,1,55.8
0,0,224.2
1,1,88.6
0,1,163.7
1,1,126.7
1,0,201.4
0,0,65.2
1,0,94.0
0,0,112.1
0,1,197.1
1,1,238.1
0,0,94.0
1,0,197.7
1,0,150.1
1,1,86.7
0,1,97.4
0,1,27.9
0,0,226.8
1,1,66.4
1,0,168.3
0,0,232.6
1,0,201.4
1,0,229.1
0,0,115.8
1,1,119.5
1,1,216.3
1,0,87.3
1,1,174.3
1,0,265.2
1,1,72.1
0,1,106.2
1,1,45.4
1,1,143.5
1,1,117.4
1,0,135.2
1,1,198.6
0,0,50.7
0,1,44.3
1,0,96.6
0,0,106.8
1,1,93.1
1,0,80.1
0,1,150.7
1,1,156.7
1,0,72.7
1,1,159.1
1,1,94.4
0,0,45.3
1,0,98.1
1,1,122.2
1,1,89.2
0,1,87.6
0,0,41.3
1,1,84.1
1,1,208.7
1,0,106.7
1,1,89.7
0,1,197.8
1,0,83.4
1,0,172.1
1,1,187.9
1,1,126.3
1,0,159.6
1,0,87.1
1,1,67.3
0,1,141.1
1,1,93.9
1,1,134.3
0,1,117.5
1,1,76.3
1,0,278.7
1,1,157.8
1,1,179.5
0,1,165.2
1,1,159.3
1,0,108.3
0,1,158.9
0,1,33.3
1,1,25.3
1,0,140.6
1,0,55.7
0,0,244.9
0,1,85.9
1,0,77.7
1,1,155.8
1,1,56.1
1,0,101.8
1,0,116.7
1,0,173.5
1,0,204.7
0,0,78.9
0,1,78.5
0,0,164.7
1,0,215.5
1,1,63.0
0,1,238.4
1,1,88.4
0,1,189.3
1,1,76.2
1,0,124.2
1,0,91.8
1,1,122.3
0,1,28.2
0,1,40.5
1,1,64.3
1,1,194.3
1,1,246.6
1,0,225.1
1,0,150.7
1,1,62.9
1,1,85.7
1,0,95.0
1,1,259.4
1,1,103.1
1,1,161.2
0,0,251.9
1,0,62.0
1,0,236.8
0,0,109.4
0,0,162.6
1,0,162.0
1,1,103.1
1,0,175.4
0,1,38.5
0,0,82.5
1,0,218.5
1,1,20.3
1,0,136.0
1,0,116.6
0,1,133.2
1,1,239.6
0,1,100.1
0,0,173.0
0,1,97.9
1,0,108.3
0,0,121.9
0,0,119.8
1,0,106.3
0,1,107.7
1,1,150.1
0,0,153.9
0,1,208.7
1,0,81.6
1,0,96.8
0,1,60.9
1,1,211.8
1,0,83.9
0,0,212.6
1,1,165.1
0,1,119.0
0,0,76.0
1,0,32.4
1,1,64.6
0,1,34.3
1,1,264.6
1,0,163.5
1,1,283.8
1,1,175.3
1,0,26.5
1,0,45.4
1,0,204.3
1,1,129.8
1,1,56.3
1,0,251.6
1,1,122.5
1,0,88.8
1,0,173.7
1,0,49.1
1,1,236.6
0,1,166.4
1,1,44.4
0,1,81.1
1,0,167.4
0,0,129.2
1,1,188.1
1,0,124.5
0,1,99.4
1,1,123.8
0,0,262.1
1,0,56.9
1,0,114.6
0,0,215.6
0,0,157.9
0,0,198.2
1,0,70.6
1,0,72.7
1,1,137.0
1,0,177.3
0,1,118.4
1,0,167.5
1,0,99.4
0,0,88.7
0,1,74.9
0,0,67.6
1,0,68.0
0,0,63.5
0,1,131.7
1,1,131.9
1,1,252.8
1,0,81.9
1,0,184.0
1,1,98.0
0,0,189.0
1,0,96.7
1,1,77.1
0,1,62.6
1,1,214.7
1,0,155.4
1,0,69.9
0,1,139.5
0,0,108.8
0,0,59.1
0,1,95.0
0,0,126.3
0,0,119.0
1,0,121.2
1,0,92.6
0,1,229.5
1,0,194.0
0,1,192.1
1,1,168.0
0,0,62.2
1,0,50.1
1,0,101.3
1,0,74.2
1,1,97.0
1,0,131.0
1,0,191.7
1,1,104.3
1,1,68.3
1,1,210.0
0,1,135.5
0,0,89.2
1,0,114.3
1,0,99.5
1,1,95.6
1,0,132.2
1,0,53.6
1,0,168.3
1,0,211.5
1,1,109.0
1,1,67.1
0,1,150.9
1,1,157.4
1,0,105.2
0,0,203.5
1,1,59.7
0,0,30.3
0,1,177.5
1,0,189.6
1,0,183.3
1,1,285.2
1,0,83.5
1,1,177.1
0,0,37.8
0,0,85.9
1,0,160.0
0,0,149.1
0,1,52.8
1,1,145.4
1,1,45.9
1,0,31.5
1,0,114.0
0,0,133.3
0,1,124.4
0,0,268.2
1,1,50.3
1,0,191.5
1,1,143.6
0,0,140.7
0,0,199.1
1,1,109.4
0,0,47.5
0,0,151.4
1,1,243.6
1,0,147.3
1,0,140.9
1,1,149.3
0,1,48.0
1,0,114.1
0,0,168.8
1,1,170.0
1,0,182.7
1,1,204.3
0,1,78.5
1,0,44.5
1,1,43.7
1,1,143.3
1,0,126.1
0,1,163.1
1,0,177.8
0,1,145.1
1,1,221.1
0,0,197.4
1,0,117.7
0,1,166.0
1,1,122.9
1,1,77.8
0,0,62.4
0,1,70.6
0,1,183.6
1,0,85.0
0,1,188.2
1,0,165.1
1,1,158.3
0,1,27.2
1,0,166.4
1,0,122.6
0,1,87.0
1,0,98.6
0,0,140.0
1,0,138.1
1,1,98.6
1,1,122.7
0,1,81.3
0,0,176.8
1,0,158.0
1,0,86.9
0,0,212.6
1,0,104.7
0,0,83.8
1,1,96.4
0,1,30.2
0,1,188.4
1,0,36.6
1,0,167.6
1,0,62.3
1,1,154.0
0,0,174.1
0,1,84.2
1,0,128.0
1,0,37.5
1,0,62.2
1,1,96.8
0,0,172.9
1,0,109.4
0,0,111.0
0,1,42.9
1,0,131.7
1,0,118.0
1,0,123.9
1,1,27.3
0,1,144.0
1,1,118.8
0,1,211.6
1,1,46.6
0,0,84.2
0,1,102.3
0,0,121.8
1,0,78.6
1,1,165.4
1,0,116.7
0,0,94.7
0,1,30.6
1,1,191.3
1,0,161.5
1,1,97.1
1,0,115.2
1,1,62.8
1,0,207.0
1,1,139.4
0,1,288.8
1,1,76.3
1,0,172.9
0,0,121.2
1,1,147.3
0,1,215.9
1,1,218.4
1,1,143.9
0,1,144.1
0,0,190.9
0,0,177.6
1,1,142.8
0,0,114.8
1,0,73.4
1,1,48.6
0,1,154.1
0,0,155.6
1,1,191.9
1,0,104.6
1,1,45.8
0,0,169.2
1,0,82.7
1,0,81.7
1,0,219.3
1,0,100.6
1,0,157.8
1,0,124.4
1,0,93.5
1,0,54.0
0,0,104.0
0,1,93.0
0,0,183.6
1,1,259.0
1,0,157.1
1,0,124.8
1,1,214.5
0,0,75.8
0,0,93.3
1,0,241.8
0,1,135.0
1,1,216.7
1,1,142.6
1,1,131.4
1,0,164.1
1,1,107.5
0,0,58.0
1,1,237.9
1,0,133.5
0,1,144.2
1,0,111.9
1,1,78.1
1,1,213.5
0,0,166.0
1,1,254.7
0,0,140.3
1,1,99.4
1,1,70.0
0,1,28.2
0,0,107.9
1,1,164.0
1,1,266.4
1,0,95.1
1,0,33.1
1,0,79.5
1,0,217.2
0,0,76.2
1,1,80.4
0,0,166.2
1,0,164.9
0,1,170.7
1,0,63.1
1,1,112.4
1,1,65.6
1,0,150.8
0,1,193.1
1,1,53.3
0,0,75.6
0,0,106.4
0,0,60.6
1,0,107.1
1,1,261.6
1,1,106.7
1,1,90.2
0,0,38.8
0,0,95.6
0,1,241.6
1,1,77.8
0,0,91.1
1,0,77.4
1,1,164.5
0,1,138.8
0,0,47.5
1,1,26.1
1,1,119.3
1,0,198.0
1,0,85.3
0,0,219.9
0,1,96.6
1,0,163.3
0,0,146.6
1,0,97.4
1,0,182.8
1,0,171.9
0,1,195.4
0,1,136.7
0,0,88.0
1,1,78.1
0,1,126.7
1,1,55.2
0,0,56.0
0,1,104.0
1,0,201.6
0,1,170.4
1,1,30.6
1,1,92.2
1,1,122.8
1,0,69.9
0,0,147.1
0,0,189.0
1,1,290.1
1,1,66.2
1,0,203.9
0,0,255.4
1,0,144.4
0,1,211.7
1,1,42.9
1,0,122.0
0,1,122.8
0,1,86.4
1,0,161.1
1,0,52.0
0,1,200.5
0,0,218.7
1,1,35.8
1,1,88.5
1,1,124.2
0,1,163.9
0,0,83.7
0,1,93.4
1,1,203.0
1,1,98.8
1,0,142.2
1,1,70.7
0,1,134.7
1,1,89.9
0,1,202.1
0,1,111.4
1,1,106.4
1,0,93.5
1,1,91.1
0,1,88.9
1,1,187.9
0,1,215.9
1,1,138.7
0,0,237.0
0,1,31.0
1,0,150.6
1,0,63.3
1,1,80.5
1,1,216.3
1,1,190.9
0,0,221.3
1,1,210.1
0,1,161.5
1,0,71.1
0,1,164.8
1,0,57.1
0,0,100.2
1,1,109.7
1,1,274.7
0,0,135.0
0,0,108.8
1,1,78.1
0,0,75.7
1,1,286.1
0,1,180.5
1,0,43.7
1,1,106.3
1,0,21.1
0,1,38.8
1,0,116.8
0,0,54.1
0,0,72.5
1,0,150.8
1,0,84.4
0,1,145.4
1,1,268.0
0,1,64.9
1,0,153.3
0,0,75.0
1,1,152.0
0,0,148.6
1,0,126.0
1,0,60.6
1,0,259.4
1,1,68.4
1,0,172.6
0,1,50.6
1,0,127.6
1,0,183.1
1,1,285.9
1,0,237.2
1,0,143.7
1,0,164.8
1,1,181.7
0,1,153.4
1,1,93.7
1,0,142.9
1,0,258.9
0,0,96.8
1,1,25.1
1,0,95.8
1,0,205.3
1,0,93.2
1,1,28.7
0,0,277.5
1,1,80.3
1,1,92.8
0,0,143.4
0,1,161.8
1,1,232.7
1,0,175.7
1,1,110.5
1,0,142.6
1,0,273.5
1,1,217.7
1,1,153.6
1,0,59.9
0,0,67.3
1,1,180.5
1,1,120.9
1,0,66.4
0,0,61.5
1,1,97.9
0,1,72.5
0,0,91.4
1,1,87.8
1,0,86.6
0,1,115.4
1,0,144.5
1,1,69.9
1,0,61.5
1,0,159.7
0,1,261.3
0,1,68.5
1,0,47.4
1,1,170.5
1,1,157.7
0,1,262.7
1,0,136.7
0,1,78.3
1,1,199.4
1,0,162.4
1,0,40.2
1,0,56.7
1,0,143.9
1,0,61.4
1,0,37.0
1,0,107.0
1,0,251.4
0,1,222.3
1,0,111.7
1,1,101.2
1,1,125.5
1,1,84.0
0,1,74.3
0,0,128.9
0,0,29.1
1,1,220.4
1,1,16.8
1,0,144.2
1,0,245.1
1,1,67.1
0,1,33.1
1,0,195.7
1,1,118.5
0,0,50.0
1,1,196.7
0,0,235.9
1,1,83.3
0,0,97.1
1,0,71.0
1,0,217.7
1,1,232.4
1,0,186.7
1,1,210.4
1,0,176.0
1,0,138.0
1,0,192.0
1,1,94.6
0,1,99.6
1,0,174.0
1,0,98.0
1,1,121.2
1,0,86.1
1,1,137.9
1,1,95.0
1,1,158.0
0,0,50.0
1,1,106.4
1,1,111.4
1,1,192.7
1,0,97.2
1,0,153.1
1,0,163.9
1,0,108.4
1,1,95.7
1,1,154.9
0,1,259.6
0,1,254.4
1,1,65.8
0,1,199.9
1,0,195.5
1,0,119.5
1,1,144.0
1,1,215.2
0,0,162.5
0,1,93.3
0,1,215.6
1,1,165.2
0,1,51.8
1,1,51.0
0,0,64.4
1,0,38.7
0,1,124.4
1,0,172.0
1,1,219.5
1,0,192.4
0,1,152.6
1,0,149.2
1,0,272.4
1,0,126.1
0,0,160.1
1,1,135.7
1,1,135.3
0,1,76.0
0,0,42.4
0,0,232.3
0,1,36.9
0,1,99.7
1,1,133.6
1,1,114.1
1,0,108.1
0,0,167.1
0,0,107.7
0,1,56.3
0,1,148.7
0,1,100.9
0,0,100.0
1,0,255.4
1,0,197.8
1,0,102.1
0,1,107.1
1,0,116.1
1,1,156.7
1,0,90.8
1,0,60.6
1,0,113.0
1,0,133.8
1,1,15.0
1,0,225.7
0,0,139.8
1,0,97.7
1,0,93.6
1,0,42.9
1,0,95.2
1,1,131.2
1,0,211.3
0,0,107.3
1,0,175.1
1,0,106.5
0,1,115.6
1,1,110.8
0,0,57.9
1,1,124.5
1,0,128.4
1,1,183.0
1,1,219.7
0,1,105.3
0,1,92.1
0,0,68.3
1,0,180.6
0,0,195.6
1,0,149.5
0,1,145.5
1,1,203.0
0,1,174.5
1,1,129.7
1,1,123.0
0,1,71.5
1,0,167.3
0,0,251.2
0,0,100.5
0,1,182.2
1,0,106.4
1,0,34.3
1,1,46.2
1,1,60.6
1,0,66.8
1,0,180.9
1,0,33.8
0,0,99.4
1,1,93.6
0,1,74.8
0,1,249.1
0,1,106.9
0,1,69.8
1,0,115.0
1,0,71.4
1,0,133.2
0,1,95.8
0,1,108.6
1,1,145.1
0,1,165.8
0,0,100.0
1,0,146.7
0,1,38.1
0,1,164.7
1,1,179.7
1,1,169.8
1,0,145.5
0,1,141.5
1,1,72.6
1,1,235.3
1,1,193.3
0,0,131.0
0,1,167.2
1,1,239.3
1,0,195.0
1,0,26.5
1,1,142.3
0,1,112.0
1,1,153.7
0,0,21.3
1,0,80.2
1,0,83.3
0,1,144.2
0,1,77.6
1,0,79.5
1,1,58.8
1,0,173.7
1,0,201.6
1,1,132.8
1,1,120.9
1,1,146.1
1,0,172.5
0,1,81.6
1,0,151.2
0,0,119.1
1,0,108.1
0,1,76.8
0,0,251.3
0,0,157.5
0,0,116.6
0,1,131.3
1,0,141.9
1,1,113.2
1,1,45.7
1,0,114.7
1,1,200.2
1,0,208.3
1,0,96.7
1,1,118.5
0,1,118.1
0,1,134.4
1,1,23.8
1,0,249.3
1,0,86.4
1,0,148.0
1,0,88.7
1,1,144.9
0,0,50.0
0,0,93.3
1,0,63.1
1,0,96.1
0,1,53.8
1,1,185.7
1,0,227.3
1,0,196.2
1,0,59.4
1,0,75.2
1,0,182.7
1,0,111.6
1,0,53.9
0,1,157.2
1,0,82.3
1,0,84.0
0,1,101.8
1,0,193.5
0,1,65.1
